{
	"banner": ["img/1.jpg","img/1.jpg","img/1.jpg"],
	"list": [{
		"id": 1001,
		"img": "img/1.jpg",
		"m_img": "img/2.jpg",
		"e_img": "img/3.jpg",
		"name": "xxxx小吃(xxx店)",
		"address": "xx市xx街道xx社区xx栋xx号",
		"location":{
			"x":28,
			"y":112
		},
		"opentime":"10:20",
		"closetime": "23:59",
		"order": {
			"m": {
				"num": 9,
				"users":[
					{
						"state":"已提交",
						"img": "img/1.jpg",
						"name": "昵称",
						"time": "2022-02-02 15:59:59",
						"pay":"img/1.jpg",
						"comment":"img/1.jpg",
						"ordernum":"img/1.jpg"
					}
				],
				"max": 50,
				"min": 30,
				"other": [
					"必须在报名当天点餐，否则不予审核通过",
					"需要带图带文字评价",
					"优惠购与店内评价返现卡活动不同享"
				]
			},
			"e": {
				"num": 10,
				"users":[],
				"max": 50,
				"min": 30,
				"other": [
					"必须在报名当天点餐，否则不予审核通过",
					"需要带图带文字评价",
					"优惠购与店内评价返现卡活动不同享"
				]
			}
		}
	}]
}
